empresa;nicho;publicoAlvoCampanha;generoPublicoAlvoCampanha;interessesDoPublico;canalDaCampanha;alcanceDaCampanha;nomeInfluencer
BelezaTotal;Cosméticos;Adolescentes;Mulheres;Beleza;Instagram;Nacional;VirginiaFonseca
BelezaTotal;Cosméticos;Adolescentes;Mulheres;Beleza;Instagram;Nacional;VirginiaFonseca
BelezaTotal;Cosméticos;Adolescentes;Mulheres;Beleza;Instagram;Nacional;VirginiaFonseca
BelezaTotal;Cosméticos;Jovens;Mulheres;Maquiagem;Instagram;Nacional;VirginiaFonseca
BelezaTotal;Cosméticos;Jovens;Mulheres;Maquiagem;Instagram;Nacional;VirginiaFonseca
BelezaTotal;Cosméticos;Jovens;Mulheres;Maquiagem;Instagram;Nacional;VirginiaFonseca
BelezaTotal;Cosméticos;Adulto;Mulheres;Estilo;Instagram;Nacional;VirginiaFonseca
BelezaTotal;Cosméticos;Adulto;Mulheres;Estilo;Instagram;Nacional;VirginiaFonseca
BelezaTotal;Cosméticos;Adulto;Mulheres;Estilo;Instagram;Nacional;VirginiaFonseca
BelezaTotal;Cosméticos;Adolescentes;Mulheres;Beleza;YouTube;Nacional;VirginiaFonseca
BelezaTotal;Cosméticos;Adolescentes;Mulheres;Beleza;YouTube;Nacional;VirginiaFonseca
BelezaTotal;Cosméticos;Adolescentes;Mulheres;Beleza;YouTube;Nacional;VirginiaFonseca
BelezaTotal;Cosméticos;Jovens;Mulheres;Maquiagem;YouTube;Nacional;VirginiaFonseca
BelezaTotal;Cosméticos;Jovens;Mulheres;Maquiagem;YouTube;Nacional;VirginiaFonseca
BelezaTotal;Cosméticos;Jovens;Mulheres;Maquiagem;YouTube;Nacional;VirginiaFonseca
BelezaTotal;Cosméticos;Adulto;Mulheres;Estilo;YouTube;Nacional;VirginiaFonseca
BelezaTotal;Cosméticos;Adulto;Mulheres;Estilo;YouTube;Nacional;VirginiaFonseca
BelezaTotal;Cosméticos;Adulto;Mulheres;Estilo;YouTube;Nacional;VirginiaFonseca
GourmetDelights;Produtos Gourmet;Adulto;Ambos;Culinária;TV;Nacional;Ana Maria Braga
GourmetDelights;Produtos Gourmet;Adulto;Ambos;Gastronomia;TV;Nacional;Ana Maria Braga
GourmetDelights;Produtos Gourmet;Adulto;Ambos;Experiências;TV;Nacional;Ana Maria Braga
HomeDecor;Decoração de Interiores;Adulto;Mulheres;Decoração;TV;Nacional;Ana Maria Braga
HomeDecor;Decoração de Interiores;Adulto;Mulheres;Design de Interiores;TV;Nacional;Ana Maria Braga
GourmetDelights;Produtos Gourmet;Adulto;Mulheres;Culinária;TV;Nacional;Ana Maria Braga
GourmetDelights;Produtos Gourmet;Adulto;Mulheres;Gastronomia;TV;Nacional;Ana Maria Braga
GourmetDelights;Produtos Gourmet;Adulto;Mulheres;Experiências;TV;Nacional;Ana Maria Braga
GourmetDelights;Produtos Gourmet;Adulto;Homens;Culinária;TV;Nacional;Ana Maria Braga
GourmetDelights;Produtos Gourmet;Adulto;Homens;Gastronomia;TV;Nacional;Ana Maria Braga
GourmetDelights;Produtos Gourmet;Adulto;Homens;Experiências;TV;Nacional;Ana Maria Braga
TechWorld;Tecnologia;Adolescentes;Homens;Tecnologia;YouTube;Local;Dex
TechWorld;Tecnologia;Adolescentes;Homens;Gadgets;YouTube;Local;Dex
TechWorld;Tecnologia;Adolescentes;Homens;Inovação;YouTube;Local;Dex
TechWorld;Tecnologia;Jovens;Homens;Tecnologia;YouTube;Local;Dex
TechWorld;Tecnologia;Jovens;Homens;Gadgets;YouTube;Local;Dex
TechWorld;Tecnologia;Jovens;Homens;Inovação;YouTube;Local;Dex
TechWorld;Tecnologia;Adulto;Homens;Tecnologia;YouTube;Local;Dex
TechWorld;Tecnologia;Adulto;Homens;Gadgets;YouTube;Local;Dex
TechWorld;Tecnologia;Adulto;Homens;Inovação;YouTube;Local;Dex
TechWorld;Tecnologia;Adolescentes;Homens;Tecnologia;Instagram;Local;Dex
TechWorld;Tecnologia;Adolescentes;Homens;Gadgets;Instagram;Local;Dex
TechWorld;Tecnologia;Adolescentes;Homens;Inovação;Instagram;Local;Dex
TechWorld;Tecnologia;Jovens;Homens;Tecnologia;Instagram;Local;Dex
TechWorld;Tecnologia;Jovens;Homens;Gadgets;Instagram;Local;Dex
TechWorld;Tecnologia;Jovens;Homens;Inovação;Instagram;Local;Dex
TechWorld;Tecnologia;Adulto;Homens;Tecnologia;Instagram;Local;Dex
TechWorld;Tecnologia;Adulto;Homens;Gadgets;Instagram;Local;Dex
TechWorld;Tecnologia;Adulto;Homens;Inovação;Instagram;Local;Dex
TechInnovation;Inovação;Adolescentes;Ambos;Tecnologia;YouTube;Nacional;Casimiro
TechInnovation;Inovação;Adolescentes;Ambos;Tecnologia;YouTube;Nacional;Casimiro
TechInnovation;Inovação;Adolescentes;Ambos;Tecnologia;YouTube;Nacional;Casimiro
TechInnovation;Tecnologia;Adolescentes;Ambos;Tecnologia;YouTube;Nacional;Casimiro
TechInnovation;Tecnologia;Adolescentes;Ambos;Tecnologia;YouTube;Nacional;Casimiro
TechInnovation;Tecnologia;Adolescentes;Ambos;Tecnologia;YouTube;Nacional;Casimiro
TechInnovation;Inovação;Jovens;Ambos;Tecnologia;YouTube;Nacional;Casimiro
TechInnovation;Inovação;Jovens;Ambos;Tecnologia;YouTube;Nacional;Casimiro
TechInnovation;Inovação;Jovens;Ambos;Tecnologia;YouTube;Nacional;Casimiro
TechInnovation;Tecnologia;Jovens;Ambos;Tecnologia;YouTube;Nacional;Casimiro
TechInnovation;Tecnologia;Jovens;Ambos;Tecnologia;YouTube;Nacional;Casimiro
TechInnovation;Tecnologia;Jovens;Ambos;Tecnologia;YouTube;Nacional;Casimiro
TechInnovation;Inovação;Adulto;Ambos;Tecnologia;YouTube;Nacional;Casimiro
TechInnovation;Inovação;Adulto;Ambos;Tecnologia;YouTube;Nacional;Casimiro
TechInnovation;Inovação;Adulto;Ambos;Tecnologia;YouTube;Nacional;Casimiro
TechInnovation;Tecnologia;Adulto;Ambos;Tecnologia;YouTube;Nacional;Casimiro
TechInnovation;Tecnologia;Adulto;Ambos;Tecnologia;YouTube;Nacional;Casimiro
TechInnovation;Tecnologia;Adulto;Ambos;Tecnologia;YouTube;Nacional;Casimiro
TechInnovation;Inovação;Adolescentes;Ambos;Inovação;YouTube;Nacional;Casimiro
TechInnovation;Inovação;Adolescentes;Ambos;Inovação;YouTube;Nacional;Casimiro
TechInnovation;Inovação;Adolescentes;Ambos;Inovação;YouTube;Nacional;Casimiro
TechInnovation;Tecnologia;Adolescentes;Ambos;Inovação;YouTube;Nacional;Casimiro
TechInnovation;Tecnologia;Adolescentes;Ambos;Inovação;YouTube;Nacional;Casimiro
TechInnovation;Tecnologia;Adolescentes;Ambos;Inovação;YouTube;Nacional;Casimiro
TechInnovation;Inovação;Jovens;Ambos;Inovação;YouTube;Nacional;Casimiro
TechInnovation;Inovação;Jovens;Ambos;Inovação;YouTube;Nacional;Casimiro
TechInnovation;Inovação;Jovens;Ambos;Inovação;YouTube;Nacional;Casimiro
TechInnovation;Tecnologia;Jovens;Ambos;Inovação;YouTube;Nacional;Casimiro
TechInnovation;Tecnologia;Jovens;Ambos;Inovação;YouTube;Nacional;Casimiro
TechInnovation;Tecnologia;Jovens;Ambos;Inovação;YouTube;Nacional;Casimiro
TechInnovation;Inovação;Adulto;Ambos;Inovação;YouTube;Nacional;Casimiro
TechInnovation;Inovação;Adulto;Ambos;Inovação;YouTube;Nacional;Casimiro
TechInnovation;Inovação;Adulto;Ambos;Inovação;YouTube;Nacional;Casimiro
TechInnovation;Tecnologia;Adulto;Ambos;Inovação;YouTube;Nacional;Casimiro
TechInnovation;Tecnologia;Adulto;Ambos;Inovação;YouTube;Regional;Casimiro
TechInnovation;Tecnologia;Adulto;Ambos;Inovação;YouTube;Regional;Casimiro
TechInnovation;Inovação;Adolescentes;Ambos;Futuro;YouTube;Regional;Casimiro
TechInnovation;Inovação;Adolescentes;Ambos;Futuro;YouTube;Regional;Casimiro
TechInnovation;Inovação;Adolescentes;Ambos;Futuro;YouTube;Regional;Casimiro
TechInnovation;Tecnologia;Adolescentes;Ambos;Futuro;YouTube;Regional;Casimiro
TechInnovation;Tecnologia;Adolescentes;Ambos;Futuro;YouTube;Regional;Casimiro
TechInnovation;Tecnologia;Adolescentes;Ambos;Futuro;YouTube;Regional;Casimiro
TechInnovation;Inovação;Jovens;Ambos;Futuro;YouTube;Regional;Casimiro
TechInnovation;Inovação;Jovens;Ambos;Futuro;YouTube;Regional;Casimiro
TechInnovation;Inovação;Jovens;Ambos;Futuro;YouTube;Regional;Casimiro
TechInnovation;Tecnologia;Jovens;Ambos;Futuro;YouTube;Regional;Casimiro
TechInnovation;Tecnologia;Jovens;Ambos;Futuro;YouTube;Regional;Casimiro
TechInnovation;Tecnologia;Jovens;Ambos;Futuro;YouTube;Regional;Casimiro
TechInnovation;Inovação;Adulto;Ambos;Futuro;YouTube;Regional;Casimiro
TechInnovation;Inovação;Adulto;Ambos;Futuro;YouTube;Regional;Casimiro
TechInnovation;Inovação;Adulto;Ambos;Futuro;YouTube;Regional;Casimiro
TechInnovation;Tecnologia;Adulto;Ambos;Futuro;YouTube;Regional;Casimiro
TechInnovation;Tecnologia;Adulto;Ambos;Futuro;YouTube;Regional;Casimiro
TechInnovation;Tecnologia;Adulto;Ambos;Futuro;YouTube;Regional;Casimiro
TechInnovation;Inovação;Adolescentes;Ambos;Tecnologia;Instagram;Regional;Casimiro
TechInnovation;Inovação;Adolescentes;Ambos;Tecnologia;Instagram;Regional;Casimiro
TechInnovation;Inovação;Adolescentes;Ambos;Tecnologia;Instagram;Regional;Casimiro
TechInnovation;Tecnologia;Adolescentes;Ambos;Tecnologia;Instagram;Regional;Casimiro
TechInnovation;Tecnologia;Adolescentes;Ambos;Tecnologia;Instagram;Regional;Casimiro
TechInnovation;Tecnologia;Adolescentes;Ambos;Tecnologia;Instagram;Regional;Casimiro
TechInnovation;Inovação;Jovens;Ambos;Tecnologia;Instagram;Regional;Casimiro
TechInnovation;Inovação;Jovens;Ambos;Tecnologia;Instagram;Regional;Casimiro
TechInnovation;Inovação;Jovens;Ambos;Tecnologia;Instagram;Regional;Casimiro
TechInnovation;Tecnologia;Jovens;Ambos;Tecnologia;Instagram;Regional;Casimiro
TechInnovation;Tecnologia;Jovens;Ambos;Tecnologia;Instagram;Regional;Casimiro
TechInnovation;Tecnologia;Jovens;Ambos;Tecnologia;Instagram;Regional;Casimiro
TechInnovation;Inovação;Adulto;Ambos;Tecnologia;Instagram;Regional;Casimiro
TechInnovation;Inovação;Adulto;Ambos;Tecnologia;Instagram;Regional;Casimiro
TechInnovation;Inovação;Adulto;Ambos;Tecnologia;Instagram;Regional;Casimiro
TechInnovation;Tecnologia;Adulto;Ambos;Tecnologia;Instagram;Regional;Casimiro
TechInnovation;Tecnologia;Adulto;Ambos;Tecnologia;Instagram;Regional;Casimiro
TechInnovation;Tecnologia;Adulto;Ambos;Tecnologia;Instagram;Regional;Casimiro
TechInnovation;Inovação;Adolescentes;Ambos;Inovação;Instagram;Regional;Casimiro
TechInnovation;Inovação;Adolescentes;Ambos;Inovação;Instagram;Regional;Casimiro
TechInnovation;Inovação;Adolescentes;Ambos;Inovação;Instagram;Regional;Casimiro
TechInnovation;Tecnologia;Adolescentes;Ambos;Inovação;Instagram;Regional;Casimiro
TechInnovation;Tecnologia;Adolescentes;Ambos;Inovação;Instagram;Regional;Casimiro
TechInnovation;Tecnologia;Adolescentes;Ambos;Inovação;Instagram;Regional;Casimiro
TechInnovation;Inovação;Jovens;Ambos;Inovação;Instagram;Regional;Casimiro
TechInnovation;Inovação;Jovens;Ambos;Inovação;Instagram;Regional;Casimiro
TechInnovation;Inovação;Jovens;Ambos;Inovação;Instagram;Regional;Casimiro
TechInnovation;Tecnologia;Jovens;Ambos;Inovação;Instagram;Regional;Casimiro
TechInnovation;Tecnologia;Jovens;Ambos;Inovação;Instagram;Regional;Casimiro
TechInnovation;Tecnologia;Jovens;Ambos;Inovação;Instagram;Regional;Casimiro
TechInnovation;Inovação;Adulto;Ambos;Inovação;Instagram;Regional;Casimiro
TechInnovation;Inovação;Adulto;Ambos;Inovação;Instagram;Regional;Casimiro
TechInnovation;Inovação;Adulto;Ambos;Inovação;Instagram;Regional;Casimiro
TechInnovation;Tecnologia;Adulto;Ambos;Inovação;Instagram;Regional;Casimiro
TechInnovation;Tecnologia;Adulto;Ambos;Inovação;Instagram;Regional;Casimiro
TechInnovation;Tecnologia;Adulto;Ambos;Inovação;Instagram;Regional;Casimiro
TechInnovation;Inovação;Adolescentes;Ambos;Futuro;Instagram;Regional;Casimiro
TechInnovation;Inovação;Adolescentes;Ambos;Futuro;Instagram;Regional;Casimiro
TechInnovation;Inovação;Adolescentes;Ambos;Futuro;Instagram;Regional;Casimiro
TechInnovation;Tecnologia;Adolescentes;Ambos;Futuro;Instagram;Regional;Casimiro
TechInnovation;Tecnologia;Adolescentes;Ambos;Futuro;Instagram;Regional;Casimiro
TechInnovation;Tecnologia;Adolescentes;Ambos;Futuro;Instagram;Regional;Casimiro
TechInnovation;Inovação;Jovens;Ambos;Futuro;Instagram;Regional;Casimiro
TechInnovation;Inovação;Jovens;Ambos;Futuro;Instagram;Regional;Casimiro
TechInnovation;Inovação;Jovens;Ambos;Futuro;Instagram;Regional;Casimiro
TechInnovation;Tecnologia;Jovens;Ambos;Futuro;Instagram;Regional;Casimiro
TechInnovation;Tecnologia;Jovens;Ambos;Futuro;Instagram;Regional;Casimiro
TechInnovation;Tecnologia;Jovens;Ambos;Futuro;Instagram;Regional;Casimiro
TechInnovation;Inovação;Adulto;Ambos;Futuro;Instagram;Regional;Casimiro
TechInnovation;Inovação;Adulto;Ambos;Futuro;Instagram;Regional;Casimiro
TechInnovation;Inovação;Adulto;Ambos;Futuro;Instagram;Regional;Casimiro
TechInnovation;Tecnologia;Adulto;Ambos;Futuro;Instagram;Regional;Casimiro
TechInnovation;Tecnologia;Adulto;Ambos;Futuro;Instagram;Regional;Casimiro
TechInnovation;Tecnologia;Adulto;Ambos;Futuro;Instagram;Regional;Casimiro
TechInnovation;Inovação;Adolescentes;Homens;Tecnologia;YouTube;Regional;Casimiro
TechInnovation;Inovação;Adolescentes;Homens;Tecnologia;YouTube;Regional;Casimiro
TechInnovation;Inovação;Adolescentes;Homens;Tecnologia;YouTube;Regional;Casimiro
TechInnovation;Tecnologia;Adolescentes;Homens;Tecnologia;YouTube;Regional;Casimiro
TechInnovation;Tecnologia;Adolescentes;Homens;Tecnologia;YouTube;Regional;Casimiro
TechInnovation;Tecnologia;Adolescentes;Homens;Tecnologia;YouTube;Regional;Casimiro
TechInnovation;Inovação;Jovens;Homens;Tecnologia;YouTube;Regional;Casimiro
TechInnovation;Inovação;Jovens;Homens;Tecnologia;YouTube;Regional;Casimiro
TechInnovation;Inovação;Jovens;Homens;Tecnologia;YouTube;Regional;Casimiro
TechInnovation;Tecnologia;Jovens;Homens;Tecnologia;YouTube;Regional;Casimiro
TechInnovation;Tecnologia;Jovens;Homens;Tecnologia;YouTube;Regional;Casimiro
TechInnovation;Tecnologia;Jovens;Homens;Tecnologia;YouTube;Regional;Casimiro
TechInnovation;Inovação;Adulto;Homens;Tecnologia;YouTube;Regional;Casimiro
TechInnovation;Inovação;Adulto;Homens;Tecnologia;YouTube;Regional;Casimiro
TechInnovation;Inovação;Adulto;Homens;Tecnologia;YouTube;Regional;Casimiro
TechInnovation;Tecnologia;Adulto;Homens;Tecnologia;YouTube;Regional;Casimiro
TechInnovation;Tecnologia;Adulto;Homens;Tecnologia;YouTube;Regional;Casimiro
TechInnovation;Tecnologia;Adulto;Homens;Tecnologia;YouTube;Regional;Casimiro
TechInnovation;Inovação;Adolescentes;Homens;Inovação;YouTube;Regional;Casimiro
TechInnovation;Inovação;Adolescentes;Homens;Inovação;YouTube;Regional;Casimiro
TechInnovation;Inovação;Adolescentes;Homens;Inovação;YouTube;Regional;Casimiro
TechInnovation;Tecnologia;Adolescentes;Homens;Inovação;YouTube;Regional;Casimiro
TechInnovation;Tecnologia;Adolescentes;Homens;Inovação;YouTube;Regional;Casimiro
TechInnovation;Tecnologia;Adolescentes;Homens;Inovação;YouTube;Regional;Casimiro
TechInnovation;Inovação;Jovens;Homens;Inovação;YouTube;Regional;Casimiro
TechInnovation;Inovação;Jovens;Homens;Inovação;YouTube;Regional;Casimiro
TechInnovation;Inovação;Jovens;Homens;Inovação;YouTube;Regional;Casimiro
TechInnovation;Tecnologia;Jovens;Homens;Inovação;YouTube;Regional;Casimiro
TechInnovation;Tecnologia;Jovens;Homens;Inovação;YouTube;Regional;Casimiro
TechInnovation;Tecnologia;Jovens;Homens;Inovação;YouTube;Regional;Casimiro
TechInnovation;Inovação;Adulto;Homens;Inovação;YouTube;Regional;Casimiro
TechInnovation;Inovação;Adulto;Homens;Inovação;YouTube;Regional;Casimiro
TechInnovation;Inovação;Adulto;Homens;Inovação;YouTube;Regional;Casimiro
TechInnovation;Tecnologia;Adulto;Homens;Inovação;YouTube;Regional;Casimiro
TechInnovation;Tecnologia;Adulto;Homens;Inovação;YouTube;Regional;Casimiro
TechInnovation;Tecnologia;Adulto;Homens;Inovação;YouTube;Regional;Casimiro
TechInnovation;Inovação;Adolescentes;Homens;Futuro;YouTube;Regional;Casimiro
TechInnovation;Inovação;Adolescentes;Homens;Futuro;YouTube;Regional;Casimiro
TechInnovation;Inovação;Adolescentes;Homens;Futuro;YouTube;Regional;Casimiro
TechInnovation;Tecnologia;Adolescentes;Homens;Futuro;YouTube;Regional;Casimiro
TechInnovation;Tecnologia;Adolescentes;Homens;Futuro;YouTube;Regional;Casimiro
TechInnovation;Tecnologia;Adolescentes;Homens;Futuro;YouTube;Regional;Casimiro
TechInnovation;Inovação;Jovens;Homens;Futuro;YouTube;Regional;Casimiro
TechInnovation;Inovação;Jovens;Homens;Futuro;YouTube;Regional;Casimiro
BelezaTotal;Cosméticos;Adolescentes;Mulheres;Beleza;Instagram;Regional;VirginiaFonseca
BelezaTotal;Cosméticos;Adolescentes;Mulheres;Beleza;Instagram;Regional;VirginiaFonseca
BelezaTotal;Cosméticos;Adolescentes;Mulheres;Beleza;Instagram;Regional;VirginiaFonseca
BelezaTotal;Cosméticos;Jovens;Mulheres;Maquiagem;Instagram;Regional;VirginiaFonseca
BelezaTotal;Cosméticos;Jovens;Mulheres;Maquiagem;Instagram;Regional;VirginiaFonseca
BelezaTotal;Cosméticos;Jovens;Mulheres;Maquiagem;Instagram;Regional;VirginiaFonseca
BelezaTotal;Cosméticos;Adulto;Mulheres;Estilo;Instagram;Regional;VirginiaFonseca
BelezaTotal;Cosméticos;Adulto;Mulheres;Estilo;Instagram;Regional;VirginiaFonseca
BelezaTotal;Cosméticos;Adulto;Mulheres;Estilo;Instagram;Regional;VirginiaFonseca
BelezaTotal;Cosméticos;Adolescentes;Mulheres;Beleza;YouTube;Regional;VirginiaFonseca
BelezaTotal;Cosméticos;Adolescentes;Mulheres;Beleza;YouTube;Regional;VirginiaFonseca
BelezaTotal;Cosméticos;Adolescentes;Mulheres;Beleza;YouTube;Regional;VirginiaFonseca
BelezaTotal;Cosméticos;Jovens;Mulheres;Maquiagem;YouTube;Regional;VirginiaFonseca
BelezaTotal;Cosméticos;Jovens;Mulheres;Maquiagem;YouTube;Regional;VirginiaFonseca
BelezaTotal;Cosméticos;Jovens;Mulheres;Maquiagem;YouTube;Regional;VirginiaFonseca
BelezaTotal;Cosméticos;Adulto;Mulheres;Estilo;YouTube;Regional;VirginiaFonseca
BelezaTotal;Cosméticos;Adulto;Mulheres;Estilo;YouTube;Regional;VirginiaFonseca
BelezaTotal;Cosméticos;Adulto;Mulheres;Estilo;YouTube;Regional;VirginiaFonseca
GourmetDelights;Produtos Gourmet;Adulto;Ambos;Culinária;TV;Regional;Ana Maria Braga
GourmetDelights;Produtos Gourmet;Adulto;Ambos;Gastronomia;TV;Regional;Ana Maria Braga
GourmetDelights;Produtos Gourmet;Adulto;Ambos;Experiências;TV;Regional;Ana Maria Braga
HomeDecor;Decoração de Interiores;Adulto;Mulheres;Decoração;TV;Regional;Ana Maria Braga
HomeDecor;Decoração de Interiores;Adulto;Mulheres;Design de Interiores;TV;Regional;Ana Maria Braga
GourmetDelights;Produtos Gourmet;Adulto;Mulheres;Culinária;TV;Regional;Ana Maria Braga
GourmetDelights;Produtos Gourmet;Adulto;Mulheres;Gastronomia;TV;Regional;Ana Maria Braga
GourmetDelights;Produtos Gourmet;Adulto;Mulheres;Experiências;TV;Regional;Ana Maria Braga
GourmetDelights;Produtos Gourmet;Adulto;Homens;Culinária;TV;Regional;Ana Maria Braga
GourmetDelights;Produtos Gourmet;Adulto;Homens;Gastronomia;TV;Regional;Ana Maria Braga
GourmetDelights;Produtos Gourmet;Adulto;Homens;Experiências;TV;Regional;Ana Maria Braga
TechWorld;Tecnologia;Adolescentes;Homens;Tecnologia;YouTube;Local;Dex
TechWorld;Tecnologia;Adolescentes;Homens;Gadgets;YouTube;Local;Dex
TechWorld;Tecnologia;Adolescentes;Homens;Inovação;YouTube;Local;Dex
TechWorld;Tecnologia;Jovens;Homens;Tecnologia;YouTube;Local;Dex
TechWorld;Tecnologia;Jovens;Homens;Gadgets;YouTube;Local;Dex
TechWorld;Tecnologia;Jovens;Homens;Inovação;YouTube;Local;Dex
TechWorld;Tecnologia;Adulto;Homens;Tecnologia;YouTube;Local;Dex
TechWorld;Tecnologia;Adulto;Homens;Gadgets;YouTube;Local;Dex
TechWorld;Tecnologia;Adulto;Homens;Inovação;YouTube;Local;Dex
TechWorld;Tecnologia;Adolescentes;Homens;Tecnologia;Instagram;Local;Dex
TechWorld;Tecnologia;Adolescentes;Homens;Gadgets;Instagram;Local;Dex
TechWorld;Tecnologia;Adolescentes;Homens;Inovação;Instagram;Local;Dex
TechWorld;Tecnologia;Jovens;Homens;Tecnologia;Instagram;Local;Dex
TechWorld;Tecnologia;Jovens;Homens;Gadgets;Instagram;Local;Dex
TechWorld;Tecnologia;Jovens;Homens;Inovação;Instagram;Local;Dex
TechWorld;Tecnologia;Adulto;Homens;Tecnologia;Instagram;Local;Dex
TechWorld;Tecnologia;Adulto;Homens;Gadgets;Instagram;Local;Dex
TechWorld;Tecnologia;Adulto;Homens;Inovação;Instagram;Local;Dex
BelezaTotal;Cosméticos;Adolescentes;Mulheres;Beleza;Instagram;Regional;VirginiaFonseca
BelezaTotal;Cosméticos;Adolescentes;Mulheres;Beleza;Instagram;Regional;VirginiaFonseca
BelezaTotal;Cosméticos;Adolescentes;Mulheres;Beleza;Instagram;Regional;VirginiaFonseca
BelezaTotal;Cosméticos;Jovens;Mulheres;Maquiagem;Instagram;Regional;VirginiaFonseca
BelezaTotal;Cosméticos;Jovens;Mulheres;Maquiagem;Instagram;Regional;VirginiaFonseca
BelezaTotal;Cosméticos;Jovens;Mulheres;Maquiagem;Instagram;Regional;VirginiaFonseca
BelezaTotal;Cosméticos;Adulto;Mulheres;Estilo;Instagram;Regional;VirginiaFonseca
BelezaTotal;Cosméticos;Adulto;Mulheres;Estilo;Instagram;Regional;VirginiaFonseca
BelezaTotal;Cosméticos;Adulto;Mulheres;Estilo;Instagram;Regional;VirginiaFonseca
BelezaTotal;Cosméticos;Adolescentes;Mulheres;Beleza;YouTube;Regional;VirginiaFonseca
BelezaTotal;Cosméticos;Adolescentes;Mulheres;Beleza;YouTube;Regional;VirginiaFonseca
BelezaTotal;Cosméticos;Adolescentes;Mulheres;Beleza;YouTube;Regional;VirginiaFonseca
BelezaTotal;Cosméticos;Jovens;Mulheres;Maquiagem;YouTube;Regional;VirginiaFonseca
BelezaTotal;Cosméticos;Jovens;Mulheres;Maquiagem;YouTube;Regional;VirginiaFonseca
BelezaTotal;Cosméticos;Jovens;Mulheres;Maquiagem;YouTube;Regional;VirginiaFonseca
BelezaTotal;Cosméticos;Adulto;Mulheres;Estilo;YouTube;Regional;VirginiaFonseca
BelezaTotal;Cosméticos;Adulto;Mulheres;Estilo;YouTube;Regional;VirginiaFonseca
BelezaTotal;Cosméticos;Adulto;Mulheres;Estilo;YouTube;Regional;VirginiaFonseca
GourmetDelights;Produtos Gourmet;Adulto;Ambos;Culinária;TV;Regional;Ana Maria Braga
GourmetDelights;Produtos Gourmet;Adulto;Ambos;Gastronomia;TV;Regional;Ana Maria Braga
GourmetDelights;Produtos Gourmet;Adulto;Ambos;Experiências;TV;Regional;Ana Maria Braga
HomeDecor;Decoração de Interiores;Adulto;Mulheres;Decoração;TV;Regional;Ana Maria Braga
HomeDecor;Decoração de Interiores;Adulto;Mulheres;Design de Interiores;TV;Regional;Ana Maria Braga
GourmetDelights;Produtos Gourmet;Adulto;Mulheres;Culinária;TV;Regional;Ana Maria Braga
GourmetDelights;Produtos Gourmet;Adulto;Mulheres;Gastronomia;TV;Regional;Ana Maria Braga
GourmetDelights;Produtos Gourmet;Adulto;Mulheres;Experiências;TV;Regional;Ana Maria Braga
GourmetDelights;Produtos Gourmet;Adulto;Homens;Culinária;TV;Regional;Ana Maria Braga
GourmetDelights;Produtos Gourmet;Adulto;Homens;Gastronomia;TV;Regional;Ana Maria Braga
GourmetDelights;Produtos Gourmet;Adulto;Homens;Experiências;TV;Nacional;Ana Maria Braga
TechWorld;Tecnologia;Adolescentes;Homens;Tecnologia;YouTube;Local;Dex
TechWorld;Tecnologia;Adolescentes;Homens;Gadgets;YouTube;Local;Dex
TechWorld;Tecnologia;Adolescentes;Homens;Inovação;YouTube;Local;Dex
TechWorld;Tecnologia;Jovens;Homens;Tecnologia;YouTube;Local;Dex
TechWorld;Tecnologia;Jovens;Homens;Gadgets;YouTube;Local;Dex
TechWorld;Tecnologia;Jovens;Homens;Inovação;YouTube;Local;Dex
TechWorld;Tecnologia;Adulto;Homens;Tecnologia;YouTube;Local;Dex
TechWorld;Tecnologia;Adulto;Homens;Gadgets;YouTube;Local;Dex
TechWorld;Tecnologia;Adulto;Homens;Inovação;YouTube;Local;Dex
TechWorld;Tecnologia;Adolescentes;Homens;Tecnologia;Instagram;Local;Dex
TechWorld;Tecnologia;Adolescentes;Homens;Gadgets;Instagram;Local;Dex
TechWorld;Tecnologia;Adolescentes;Homens;Inovação;Instagram;Local;Dex
TechWorld;Tecnologia;Jovens;Homens;Tecnologia;Instagram;Local;Dex
TechWorld;Tecnologia;Jovens;Homens;Gadgets;Instagram;Local;Dex
TechWorld;Tecnologia;Jovens;Homens;Inovação;Instagram;Local;Dex
TechWorld;Tecnologia;Adulto;Homens;Tecnologia;Instagram;Local;Dex
TechWorld;Tecnologia;Adulto;Homens;Gadgets;Instagram;Local;Dex
TechWorld;Tecnologia;Adulto;Homens;Inovação;Instagram;Local;Dex
